{
  "Ellie Connor": {
    "x": -68.96817942020408,
    "y": -62.84367635506676
  }
}